Date,Actual_Price,ARIMA_Forecast,SARIMA_Forecast
2017-04-21,2938,2930.470029915485,2931.2233599340493
2017-04-22,2942,2930.047685174608,2931.4020666214374
2017-04-23,2942,2929.6265050786596,2931.649558258933
2017-04-24,2908,2929.2064864160516,2931.891118032861
2017-04-25,2891,2928.78762598405,2932.0973330139154
2017-04-26,2873,2928.369920588754,2932.3722402329754
2017-04-27,2881,2927.9533670450696,2932.6023610376683
2017-04-28,2886,2927.537962176686,2932.7897320602456
2017-04-29,2887,2927.1237028160517,2933.006413083212
2017-04-30,2887,2926.710585804349,2933.1224573165337
2017-05-01,2883,2926.298607991472,2933.4063332378323
2017-05-02,2857,2925.887766236001,2933.575235917177
2017-05-03,2849,2925.4780574051783,2933.927015427021
2017-05-04,2809,2925.069478374886,2934.166975949656
2017-05-05,2810,2924.66202602962,2934.34550020563
2017-05-06,2807,2924.255697262469,2934.532972935217
2017-05-07,2807,2923.8504889750884,2934.7774262602898
2017-05-08,2810,2923.446398077677,2934.9355937921105
2017-05-09,2800,2923.043421488954,2935.1334724780013
2017-05-10,2805,2922.6415561361373,2935.3527043525264
2017-05-11,2806,2922.240798954916,2935.6750807037065
2017-05-12,2807,2921.8411468894296,2935.9768154598846
2017-05-13,2801,2921.4425968922455,2936.1867500782528
2017-05-14,2801,2921.045145924333,2936.3626046967165
2017-05-15,2808,2920.6487909550438,2936.708160721273
2017-05-16,2812,2920.253528962085,2936.942664237021
2017-05-17,2858,2919.859356931498,2937.24327752481
2017-05-18,2875,2919.4662718576374,2937.4728878276655
2017-05-19,2861,2919.0742707431427,2937.6256388899515
2017-05-20,2864,2918.6833505989225,2937.905732314123
2017-05-21,2864,2918.293508444125,2938.1709356048436
2017-05-22,2874,2917.9047413061207,2938.3684068115317
2017-05-23,2890,2917.517046220475,2938.609898500652
2017-05-24,2869,2917.1304202309298,2938.8476010233207
2017-05-25,2864,2916.744860389378,2939.062693692059
2017-05-26,2885,2916.3603637558435,2939.321747520315
2017-05-27,2889,2915.9769273984552,2939.5521500092627
2017-05-28,2889,2915.5945483934292,2939.7552043556943
2017-05-29,2889,2915.213223825042,2939.977020033573
2017-05-30,2879,2914.832950785612,2940.1344469441797
2017-05-31,2871,2914.4537263754746,2940.399272175246
2017-06-01,2862,2914.0755477029625,2940.5905350588428
2017-06-02,2888,2913.698411884381,2940.898823320448
2017-06-03,2887,2913.3223160439884,2941.1355675739924
2017-06-04,2887,2912.9472573139724,2941.333006617202
2017-06-05,2899,2912.5732328344293,2941.536178101277
2017-06-06,2953,2912.2002397533415,2941.775816727436
2017-06-07,2952,2911.828275226557,2941.960249478051
2017-06-08,2910,2911.457336417765,2942.170099035189
2017-06-09,2895,2911.087420498477,2942.393618540147
2017-06-10,2902,2910.718524648005,2942.683144443708
2017-06-11,2902,2910.3506460534372,2942.9594687556446
2017-06-12,2899,2909.983781909621,2943.177058686515
2017-06-13,2890,2909.617929419138,2943.372848086392
2017-06-14,2903,2909.253085792283,2943.6772322054494
2017-06-15,2879,2908.8892482470455,2943.910562775265
2017-06-16,2874,2908.5264140090853,2944.1862020519948
2017-06-17,2869,2908.1645803117126,2944.416414591933
2017-06-18,2869,2907.8037443958683,2944.5974531061256
2017-06-19,2859,2907.4439035100995,2944.859981719237
2017-06-20,2853,2907.085054910542,2945.11298897934
2017-06-21,2854,2906.727195860898,2945.322662482397
2017-06-22,2868,2906.370323632415,2945.56051024376
2017-06-23,2874,2906.0144355038647,2945.795939918813
2017-06-24,2873,2905.6595287615237,2946.0169085631724
2017-06-25,2873,2905.3056006991515,2946.266013507937
2017-06-26,2847,2904.9526486179698,2946.496791609117
2017-06-27,2856,2904.600669826643,2946.7100767542506
2017-06-28,2860,2904.2496616412564,2946.9353733843527
2017-06-29,2851,2903.899621385297,2947.1194755765137
2017-06-30,2847,2903.5505463896325,2947.372306118772
2017-07-01,2844,2903.2024339924906,2947.5780722514573
2017-07-02,2844,2902.8552815394387,2947.8587268781175
2017-07-03,2815,2902.509086383365,2948.0936085873195
2017-07-04,2813,2902.163845884456,2948.3033462787503
2017-07-05,2809,2901.8195574101787,2948.516758557561
2017-07-06,2811,2901.4762183352586,2948.75351188509
2017-07-07,2786,2901.133826041662,2948.954946709656
2017-07-08,2778,2900.792377918573,2949.1726517167385
2017-07-09,2778,2900.451871362376,2949.399110349752
2017-07-10,2772,2900.112303776635,2949.6678115555264
2017-07-11,2769,2899.7736725720742,2949.9280718798655
2017-07-12,2793,2899.4359751665575,2950.1507558905437
2017-07-13,2786,2899.0992089850683,2950.359496748211
2017-07-14,2798,2898.7633714596927,2950.637731512408
2017-07-15,2800,2898.428460029597,2950.870507199109
2017-07-16,2800,2898.0944721410083,2951.1303618287743
2017-07-17,2810,2897.7614052471977,2951.3611554168647
2017-07-18,2824,2897.429256808458,2951.5604901559245
2017-07-19,2822,2897.0980242920855,2951.8119751523805
2017-07-20,2830,2896.7677051723604,2952.0573741759245
2017-07-21,2848,2896.438296930529,2952.275051411745
2017-07-22,2854,2896.109797054781,2952.510763270116
2017-07-23,2854,2895.7822030402353,2952.744934381585
2017-07-24,2855,2895.455512388916,2952.969858730838
2017-07-25,2846,2895.129722609736,2953.212793415747
2017-07-26,2836,2894.8048312184787,2953.444007690629
2017-07-27,2842,2894.4808357377765,2953.664035142332
2017-07-28,2853,2894.1577336970936,2953.8917550156893
2017-07-29,2858,2893.835522632708,2954.09312200876
2017-07-30,2858,2893.5142000876904,2954.3384733018383
2017-07-31,2859,2893.1937636118864,2954.553715649624
2017-08-01,2848,2892.8742107618996,2954.816884039321
2017-08-02,2847,2892.55553910107,2955.0507698822103
2017-08-03,2847,2892.2377461994574,2955.268573159006
2017-08-04,2844,2891.920829633822,2955.4887342632246
2017-08-05,2841,2891.604786987607,2955.7238373324035
2017-08-06,2841,2891.289615850919,2955.9363474072306
2017-08-07,2845,2890.9753138205097,2956.1592749559304
2017-08-08,2833,2890.661878499758,2956.3878102994076
2017-08-09,2877,2890.3493074986523,2956.6433822803274
2017-08-10,2919,2890.0375984337716,2956.893559669122
2017-08-11,2917,2889.726748928266,2957.1196993426074
2017-08-12,2920,2889.4167566118413,2957.336923642159
2017-08-13,2920,2889.107619120739,2957.5986221116423
2017-08-14,2908,2888.7993340977196,2957.8312388597624
2017-08-15,2908,2888.491899192042,2958.0811893744594
2017-08-16,2890,2888.18531205945,2958.312550912144
2017-08-17,2910,2887.87957036215,2958.5237891689585
2017-08-18,2933,2887.574671768795,2958.7684037777944
2017-08-19,2916,2887.270613954468,2959.0091306533986
2017-08-20,2916,2886.967394600662,2959.2321255131883
2017-08-21,2924,2886.665011395264,2959.466666880475
2017-08-22,2910,2886.3634620325374,2959.700228906443
2017-08-23,2915,2886.062744213102,2959.9278806815173
2017-08-24,2907,2885.762855643921,2960.167063424974
2017-08-25,2911,2885.4637940382777,2960.3987530856116
2017-08-26,2917,2885.165557115764,2960.623291094457
2017-08-27,2917,2884.868142602258,2960.8527578664816
2017-08-28,2926,2884.5715482299106,2961.065368560619
2017-08-29,2978,2884.2757717371255,2961.3061303954846
2017-08-30,2955,2883.9808108685424,2961.527632729918
2017-08-31,2971,2883.686663375022,2961.7798084402466
2017-09-01,2978,2883.393327013625,2962.0132534454233
2017-09-02,2982,2883.100799547599,2962.236414123943
2017-09-03,2982,2882.8090787463584,2962.4610900794514
2017-09-04,3011,2882.5181623854696,2962.695333625908
2017-09-05,3014,2882.2280482466326,2962.9151269670765
2017-09-06,3020,2881.938734117664,2963.1415927776643
2017-09-07,3026,2881.6502177924813,2963.37165345008
2017-09-08,3026,2881.362497071085,2963.6190208309968
2017-09-09,3027,2881.0755697595423,2963.862942888839
2017-09-10,3027,2880.789433669971,2964.0914902987215
2017-09-11,3001,2880.5040866205213,2964.3143395155407
2017-09-12,2990,2880.2195264353604,2964.565653337282
2017-09-13,2988,2879.9357509446554,2964.7983649638218
2017-09-14,2992,2879.652757984557,2965.042174647806
2017-09-15,2987,2879.3705453971825,2965.274096214459
2017-09-16,2986,2879.0891110305997,2965.4931478969256
2017-09-17,2986,2878.808452738812,2965.7335629367444
2017-09-18,2963,2878.528568381738,2965.9714968640446
2017-09-19,2967,2878.249455825199,2966.198091026731
2017-09-20,2978,2877.971112940903,2966.4320801098597
2017-09-21,2951,2877.6935376064234,2966.66544909817
2017-09-22,2963,2877.4167277051897,2966.895042811348
2017-09-23,2959,2877.1406811264665,2967.1320215033707
2017-09-24,2959,2876.8653957653382,2967.3642121018747
2017-09-25,2979,2876.590869522695,2967.591833081595
2017-09-26,2992,2876.3171003052153,2967.8226144354785
2017-09-27,2976,2876.044086025349,2968.042616522314
2017-09-28,2957,2875.7718246013037,2968.280638474112
2017-09-29,2961,2875.5003139570267,2968.5063432625466
2017-09-30,2956,2875.229552022192,2968.751681839904
2017-10-01,2956,2874.95953673218,2968.985041619421
2017-10-02,2956,2874.6902660280657,2969.2118272538523
2017-10-03,2939,2874.421737856603,2969.4395890511396
2017-10-04,2931,2874.153950170206,2969.6734795107895
2017-10-05,2935,2873.8869009269356,2969.8981301725807
2017-10-06,2955,2873.6205880904836,2970.127056973031
2017-10-07,2957,2873.355009630158,2970.3582906190945
2017-10-08,2957,2873.090163520864,2970.6006050210626
2017-10-09,2973,2872.826047743094,2970.8407214098524
2017-10-10,2985,2872.562660282908,2971.071006472776
2017-10-11,2977,2872.29999913192,2971.2976519614836
2017-10-12,2980,2872.038062287281,2971.5425179012095
2017-10-13,2979,2871.776847751667,2971.7754872799615
2017-10-14,2985,2871.51635353326,2972.0155646381427
2017-10-15,2985,2871.256577645736,2972.2480416274657
2017-10-16,2992,2870.9975181082473,2972.47229003738
2017-10-17,2964,2870.739172945409,2972.710214968403
2017-10-18,2957,2870.4815401872834,2972.9465588680523
2017-10-19,2968,2870.2246178693654,2973.1756532797717
2017-10-20,2961,2869.9684040325665,2973.409486117906
2017-10-21,2955,2869.7128967232006,2973.642928750596
2017-10-22,2955,2869.45809399297,2973.873962247715
2017-10-23,2941,2869.2039938989487,2974.109727811383
2017-10-24,2950,2868.950594503568,2974.34243616025
2017-10-25,2935,2868.6978938746033,2974.57222709202
2017-10-26,2932,2868.4458900851578,2974.8040468600584
2017-10-27,2929,2868.194581213648,2975.0289757943765
2017-10-28,2932,2867.943965343789,2975.26544182806
2017-10-29,2932,2867.6940405645814,2975.494032962951
2017-10-30,2930,2867.444804970294,2975.735193912761
2017-10-31,2918,2867.1962566604525,2975.968696477482
2017-11-01,2924,2866.9483937398218,2976.1979989763195
2017-11-02,2928,2866.701214318394,2976.427932686148
2017-11-03,2915,2866.4547165113713,2976.661794578843
2017-11-04,2909,2866.2088984391567,2976.8897507144898
2017-11-05,2909,2865.9637582273326,2977.1204496447704
2017-11-06,2917,2865.719294006653,2977.352631262797
2017-11-07,2940,2865.4755039130246,2977.591909801734
2017-11-08,2953,2865.2323860874963,2977.8297884691674
2017-11-09,2959,2864.989938676241,2978.061382876338
2017-11-10,2966,2864.748159830546,2978.290654989763
2017-11-11,2949,2864.507047706794,2978.531592560382
2017-11-12,2949,2864.2666004664543,2978.7649243736614
2017-11-13,2957,2864.026816276064,2979.002811018462
2017-11-14,2948,2863.787693307217,2979.2358409460085
2017-11-15,2965,2863.549229736549,2979.4636121786707
2017-11-16,2952,2863.311423745724,2979.7001413100734
2017-11-17,2948,2863.07427352142,2979.9356653677296
2017-11-18,2969,2862.8377772553144,2980.1665572312004
2017-11-19,2969,2862.6019331440734,2980.400487704313
2017-11-20,2962,2862.3667393893343,2980.634175088606
2017-11-21,2940,2862.132194197693,2980.8663275155127
2017-11-22,2945,2861.898295780693,2981.10151448407
2017-11-23,2945,2861.6650423548076,2981.334751804596
2017-11-24,2944,2861.4324321414297,2981.56612893109
2017-11-25,2938,2861.2004633668553,2981.79881086305
2017-11-26,2938,2860.9691342622727,2982.0270900999108
2017-11-27,2945,2860.738443063748,2982.2627582721634
2017-11-28,2941,2860.5083880122106,2982.493394068705
2017-11-29,2925,2860.2789673534407,2982.7320796136905
2017-11-30,2918,2860.050179338057,2982.965871326365
2017-12-01,2908,2859.822022221501,2983.19698210981
2017-12-02,2921,2859.5944942640253,2983.4285033925908
2017-12-03,2921,2859.3675937306807,2983.662544835174
2017-12-04,2903,2859.1413188913007,2983.8928139157324
2017-12-05,2911,2858.9156680204915,2984.1248446532095
2017-12-06,2898,2858.690639397616,2984.3578307333773
2017-12-07,2876,2858.466231306783,2984.5953645813493
2017-12-08,2857,2858.242442036831,2984.83200928664
2017-12-09,2853,2858.0192698813203,2985.0646394365885
2017-12-10,2853,2857.7967131385135,2985.2957902071394
2017-12-11,2840,2857.5747701113683,2985.534412053671
2017-12-12,2817,2857.353439107521,2985.7681737494313
2017-12-13,2816,2857.132718439274,2986.004856588883
2017-12-14,2825,2856.9126064235857,2986.2384383290187
2017-12-15,2831,2856.693101382054,2986.4686617536922
2017-12-16,2825,2856.4742016409054,2986.7044957740836
2017-12-17,2825,2856.2559055309825,2986.939693278866
2017-12-18,2844,2856.03821138773,2987.171933353786
2017-12-19,2843,2855.821117551183,2987.406124378391
2017-12-20,2845,2855.6046223659537,2987.640166466371
2017-12-21,2845,2855.3887241812204,2987.8732329798977
2017-12-22,2858,2855.1734213507125,2988.108247841643
2017-12-23,2866,2854.9587122326993,2988.342021778526
2017-12-24,2866,2854.744595189977,2988.574612030715
2017-12-25,2866,2854.531068589858,2988.80804381245
2017-12-26,2880,2854.3181308041553,2989.038665019888
2017-12-27,2890,2854.105780209172,2989.2740208591285
2017-12-28,2903,2853.8940151856887,2989.506163206302
2017-12-29,2906,2853.682834118952,2989.7434630260823
2017-12-30,2917,2853.472235398661,2989.9776380057124
2017-12-31,2917,2853.2622174189537,2990.210104133829
2018-01-01,2912,2853.0527785783984,2990.4428395482464
2018-01-02,2918,2852.843917279979,2990.6771941749175
2018-01-03,2924,2852.635631931082,2990.909141567734
2018-01-04,2917,2852.427920943488,2991.1422228244896
2018-01-05,2918,2852.220782733355,2991.3759220029233
2018-01-06,2922,2852.0142157212094,2991.612537817545
2018-01-07,2922,2851.8082183319334,2991.8485913091686
2018-01-08,2925,2851.602788994752,2992.082082595337
2018-01-09,2917,2851.3979261432223,2992.31463388002
2018-01-10,2932,2851.193628215221,2992.5519723637135
2018-01-11,2938,2850.9898936529326,2992.7862075655476
2018-01-12,2944,2850.786720902836,2993.0223185656046
2018-01-13,2957,2850.584108415696,2993.2564518632626
2018-01-14,2957,2850.3820546465486,2993.4884428720716
2018-01-15,2973,2850.1805580546893,2993.724030601989
2018-01-16,2976,2849.979617103664,2993.959217664089
2018-01-17,2976,2849.7792302612543,2994.192518956793
2018-01-18,2964,2849.579395999467,2994.4270752449756
2018-01-19,2975,2849.380112794523,2994.661542857988
2018-01-20,2977,2849.1813791268446,2994.8953928489427
2018-01-21,2977,2848.983193481045,2995.1304961723094
2018-01-22,2984,2848.785554345915,2995.364812082752
2018-01-23,2982,2848.588460214414,2995.598377207516
2018-01-24,3021,2848.3919095836577,2995.8324874372684
2018-01-25,3021,2848.1959009549037,2996.0648058714255
2018-01-26,3036,2848.000432833544,2996.300160522307
2018-01-27,3036,2847.8055037290924,2996.533465560391
2018-01-28,3036,2847.611112155172,2996.7700773827883
2018-01-29,3006,2847.4172566295056,2997.004696319841
2018-01-30,3016,2847.223935673903,2997.238228432124
2018-01-31,3009,2847.0311478142494,2997.471939487131
2018-02-01,3045,2846.838891580496,2997.7066932733746
2018-02-02,3034,2846.6471655066475,2997.93991335687
2018-02-03,3037,2846.455968130752,2998.173865608904
2018-02-04,3037,2846.2652979948866,2998.408219889865
2018-02-05,3027,2846.0751536451517,2998.644447097242
2018-02-06,3031,2845.885533631655,2998.8803211219165
2018-02-07,3010,2845.696436508503,2999.1145622835115
2018-02-08,2995,2845.50786083379,2999.3482085952664
2018-02-09,2994,2845.319805169584,2999.5849247676133
2018-02-10,3001,2845.1322680819217,2999.819661855521
2018-02-11,3001,2844.9452481407916,3000.0556058635866
2018-02-12,3012,2844.758743920126,3000.290291021847
2018-02-13,3018,2844.57275399779,3000.5236120155646
2018-02-14,3033,2844.387276955571,3000.759241111786
2018-02-15,3058,2844.2023113791656,3000.9946204695816
2018-02-16,3078,2844.017855858172,3001.22879980556
2018-02-17,3080,2843.8339089860765,3001.4637888267607
2018-02-18,3080,2843.6504693602446,3001.6987277483413
2018-02-19,3076,2843.46753558191,3001.9332781093162
2018-02-20,3072,2843.285106256162,3002.1686370929115
2018-02-21,3051,2843.103179991939,3002.403498871491
2018-02-22,3048,2842.921755402013,3002.637886882545
2018-02-23,3045,2842.7408311029826,3002.872630338592
2018-02-24,3051,2842.560405715261,3003.106233908753
2018-02-25,3051,2842.380477863065,3003.341786932679
2018-02-26,3056,2842.201046174407,3003.576035100188
2018-02-27,3047,2842.022109281081,3003.812405852764
2018-02-28,3036,2841.8436658186542,3004.047508048616
2018-03-01,3019,2841.6657144264577,3004.2819214565407
2018-03-02,3050,2841.4882537475723,3004.516456013901
2018-03-03,3045,2841.3112824288232,3004.7516644405296
2018-03-04,3045,2841.1347991207654,3004.98589813338
2018-03-05,3036,2840.9588024776754,3005.2206069742842
2018-03-06,3059,2840.7832911575406,3005.4555797146695
2018-03-07,3046,2840.60826382205,3005.69175755008
2018-03-08,3044,2840.4337191365817,3005.927716042664
2018-03-09,3040,2840.2596557701954,3006.1626363535515
2018-03-10,3040,2840.08607239562,3006.397182685155
2018-03-11,3040,2839.9129676892444,3006.633700005777
2018-03-12,3032,2839.740340331108,3006.8689576068136
2018-03-13,3038,2839.5681890048904,3007.1049941432084
2018-03-14,3041,2839.3965123979006,3007.3402318233957
2018-03-15,3032,2839.2253092010665,3007.5746032593056
2018-03-16,3023,2839.054578108927,3007.810458254553
2018-03-17,3022,2838.8843178196216,3008.0461601033803
2018-03-18,3022,2838.714527034878,3008.2811007408204
2018-03-19,3043,2838.5452044600047,3008.5165661348246
2018-03-20,3026,2838.376348803881,3008.7520061284617
2018-03-21,3045,2838.207958778945,3008.9872041484955
2018-03-22,3049,2838.040033101188,3009.222926246721
2018-03-23,3089,2837.872570490139,3009.4583368532103
2018-03-24,3091,2837.7055696688603,3009.6934509656207
2018-03-25,3091,2837.5390293639343,3009.928799179366
2018-03-26,3093,2837.3729483054553,3010.163424665553
2018-03-27,3071,2837.207325227019,3010.39930422535
2018-03-28,3052,2837.0421588657136,3010.6343554976092
2018-03-29,3042,2836.8774479621106,3010.8707716274407
2018-03-30,3041,2836.7131912602536,3011.1063826981526
2018-03-31,3041,2836.549387507649,3011.341559691597
2018-04-01,3041,2836.386035455259,3011.576820869439
2018-04-02,3096,2836.223133857488,3011.8125199054907
2018-04-03,3064,2836.0606814721764,3012.0476018953636
2018-04-04,3072,2835.8986770605893,3012.282994587145
2018-04-05,3035,2835.7371193874087,3012.5185628080308
2018-04-06,3070,2835.5760072207227,3012.7549088089163
2018-04-07,3069,2835.4153393320153,3012.9911211238013
2018-04-08,3069,2835.2551144961594,3013.226675796184
2018-04-09,3076,2835.0953314914063,3013.461997835133
2018-04-10,3086,2834.935989099376,3013.6985877349266
2018-04-11,3135,2834.7770861050485,3013.934378236549
2018-04-12,3101,2834.6186212967536,3014.170673831082
2018-04-13,3111,2834.4605934661636,3014.4064649248485
2018-04-14,3112,2834.303001408282,3014.6417083982246
2018-04-15,3112,2834.145843921435,3014.8779078394973
2018-04-16,3130,2833.9891198072623,3015.1140159570923
2018-04-17,3139,2833.83282787071,3015.3496436641035
2018-04-18,3154,2833.6769669200175,3015.5856138237236
2018-04-19,3160,2833.5215357667116,3015.8215744031277
2018-04-20,3144,2833.3665332255964,3016.0573868223764
2018-04-21,3143,2833.211958114743,3016.2935412617244
2018-04-22,3143,2833.0578092554842,3016.529503058834
2018-04-23,3128,2832.904085472401,3016.765281810899
2018-04-24,3139,2832.7507855933163,3017.0012170348027
2018-04-25,3139,2832.5979084492856,3017.2366964772564
2018-04-26,3125,2832.4454528745873,3017.472985050468
2018-04-27,3121,2832.293417706715,3017.70875029776
2018-04-28,3121,2832.1418017863675,3017.9453955650815
2018-04-29,3121,2831.990603957441,3018.1815323708834
2018-04-30,3104,2831.839823067019,3018.4173980988335
2018-05-01,3091,2831.6894579653654,3018.6533243737204
2018-05-02,3093,2831.5395075059128,3018.8895375041775
2018-05-03,3105,2831.3899705452573,3019.1253624805595
2018-05-04,3112,2831.2408459431467,3019.36139294903
2018-05-05,3111,2831.092132562474,3019.5975424160006
2018-05-06,3111,2830.943829269268,3019.834196249126
2018-05-07,3126,2830.7959349326834,3020.0707712218373
2018-05-08,3123,2830.648448424994,3020.30693206639
2018-05-09,3130,2830.5013686215834,3020.542950737283
2018-05-10,3136,2830.3546944009368,3020.779787368399
2018-05-11,3153,2830.2084246446307,3021.0161191665834
2018-05-12,3152,2830.0625582373277,3021.252780847575
2018-05-13,3152,2829.9170940667636,3021.489126395059
2018-05-14,3149,2829.772031023744,3021.725128218256
2018-05-15,3117,2829.6273680021313,3021.9617484308387
2018-05-16,3100,2829.4831038988386,3022.198316894434
2018-05-17,3098,2829.339237613821,3022.4345846413926
2018-05-18,3108,2829.195768050067,3022.671078204337
2018-05-19,3109,2829.05269411359,3022.90757232571
2018-05-20,3109,2828.910014713421,3023.1439783317746
2018-05-21,3112,2828.7677287615984,3023.380609878641
2018-05-22,3111,2828.625835173161,3023.617124848136
2018-05-23,3119,2828.484332866139,3023.8535293818168
2018-05-24,3148,2828.3432207615474,3024.090040729609
2018-05-25,3118,2828.202497783376,3024.3262671245934
2018-05-26,3119,2828.062162858582,3024.563017956856
2018-05-27,3119,2827.92221491708,3024.7994406171338
2018-05-28,3097,2827.782652891738,3025.036433076226
2018-05-29,3118,2827.6434757183647,3025.273106875784
2018-05-30,3104,2827.5046823357047,3025.509613912931
2018-05-31,3087,2827.366271685428,3025.746166387615
2018-06-01,3055,2827.228242712123,3025.9829091102883
2018-06-02,3055,2827.09059436329,3026.219410157616
2018-06-03,3055,2826.9533255893307,3026.456049391273
2018-06-04,3060,2826.81643534354,3026.692771466436
2018-06-05,3068,2826.6799225821005,3026.9298229719325
2018-06-06,3085,2826.5437862640733,3027.1668307144046
2018-06-07,3119,2826.4080253513894,3027.4035801639043
2018-06-08,3122,2826.2726388088427,3027.640245338671
2018-06-09,3122,2826.137625604081,3027.87744060783
2018-06-10,3122,2826.0029847076003,3028.114319545595
2018-06-11,3122,2825.8687150927344,3028.3514162687734
2018-06-12,3116,2825.7348157356478,3028.5883174062265
2018-06-13,3114,2825.6012856153297,3028.825005303744
2018-06-14,3139,2825.4681237135837,3029.062095597276
2018-06-15,3101,2825.335329015022,3029.299159480507
2018-06-16,3101,2825.202900507056,3029.5360376450276
2018-06-17,3101,2825.0708371798896,3029.773067008032
2018-06-18,3099,2824.9391380265115,3030.0101034326767
2018-06-19,3088,2824.8078020426874,3030.247090179108
2018-06-20,3077,2824.6768282269522,3030.4842279495124
2018-06-21,3062,2824.5462155806017,3030.7212978305033
2018-06-22,3062,2824.415963107687,3030.9583037524526
2018-06-23,3061,2824.286069815004,3031.195384729345
2018-06-24,3061,2824.156534712089,3031.4322900786506
2018-06-25,3065,2824.0273568112084,3031.669537711848
2018-06-26,3055,2823.898535127353,3031.906582063506
2018-06-27,3069,2823.7700686782296,3032.143997725956
2018-06-28,3049,2823.641956484254,3032.3812161947244
2018-06-29,3043,2823.5141975685424,3032.618334665972
2018-06-30,3043,2823.386790956906,3032.8554889223124
2018-07-01,3043,2823.2597356778424,3033.092771625302
2018-07-02,3029,2823.1330307625267,3033.3299063972017
2018-07-03,3050,2823.006675244807,3033.567136303687
2018-07-04,3062,2822.880668161195,3033.8044259313447
2018-07-05,3064,2822.755008550859,3034.041933067479
2018-07-06,3056,2822.6296954556187,3034.279418914376
2018-07-07,3056,2822.5047279199334,3034.5167461995543
2018-07-08,3056,2822.3801049908993,3034.7540262739913
2018-07-09,3062,2822.2558257182395,3034.991652259534
2018-07-10,3053,2822.1318891542974,3035.229082547422
2018-07-11,3030,2822.00829435403,3035.4666589078033
2018-07-12,3015,2821.885040375001,3035.7041168340847
2018-07-13,3010,2821.7621262773714,3035.9414450302493
2018-07-14,3011,2821.6395511238948,3036.1790374287566
2018-07-15,3011,2821.5173139799094,3036.416619646381
2018-07-16,3009,2821.3954139133307,3036.6540897456935
2018-07-17,2974,2821.2738499946436,3036.8916633131375
2018-07-18,2976,2821.1526212968975,3037.1292481192368
2018-07-19,2988,2821.0317268956974,3037.3668078579294
2018-07-20,2990,2820.9111658691977,3037.604470954666
2018-07-21,2990,2820.790937298094,3037.8420973321
2018-07-22,2990,2820.671040265617,3038.0796895057165
2018-07-23,2986,2820.5514738575275,3038.3173364280383
2018-07-24,2984,2820.4322371621047,3038.554877693343
2018-07-25,2992,2820.3133292701427,3038.7926447023456
2018-07-26,2978,2820.194749274944,3039.0302883602253
2018-07-27,2978,2820.07649627231,3039.268176336531
2018-07-28,2977,2819.958569360537,3039.5059448582515
2018-07-29,2977,2819.8409676404053,3039.7436561196046
2018-07-30,2974,2819.723690215177,3039.9813970054306
2018-07-31,2971,2819.6067361905866,3040.219226808352
2018-08-01,2946,2819.4901046748346,3040.4569686808454
2018-08-02,2945,2819.3737947785803,3040.6947781558283
2018-08-03,2948,2819.257805614935,3040.932632573561
2018-08-04,2948,2819.1421362994574,3041.170632899203
2018-08-05,2948,2819.0267859501428,3041.408626331864
2018-08-06,2949,2818.911753687421,3041.6465250344227
2018-08-07,2949,2818.7970386341453,3041.884400258452
2018-08-08,2949,2818.6826399155893,3042.1225035545212
2018-08-09,2949,2818.5685566594375,3042.3604883595967
2018-08-10,2978,2818.4547879957804,3042.5985733654225
2018-08-11,2979,2818.341333057108,3042.8365893205614
2018-08-12,2979,2818.228190978301,3043.0745289974666
2018-08-13,2982,2818.1153608966274,3043.312644465401
2018-08-14,2980,2818.0028419517334,3043.550760153086
2018-08-15,2973,2817.8906332856373,3043.7888108335246
2018-08-16,2942,2817.778734042724,3044.0269344562785
2018-08-17,2940,2817.6671433697375,3044.2650720062557
2018-08-18,2935,2817.555860415775,3044.5032002525313
2018-08-19,2935,2817.44488433228,3044.74140137226
2018-08-20,2946,2817.3342142730357,3044.9795857335494
2018-08-21,2958,2817.2238493941586,3045.2177549465287
2018-08-22,2970,2817.113788854094,3045.455965930493
2018-08-23,2964,2817.004031813605,3045.6941160458687
2018-08-24,2980,2816.8945774357708,3045.932417349227
2018-08-25,2989,2816.7854248859785,3046.1706464629797
2018-08-26,2989,2816.6765733319166,3046.409038651331
2018-08-27,3005,2816.568021943568,3046.6473611444408
2018-08-28,3007,2816.459769893205,3046.8856537395513
2018-08-29,3010,2816.351816355382,3047.123972032893
2018-08-30,3023,2816.2441605069307,3047.3623539650407
2018-08-31,3031,2816.136801526952,3047.6006863756734
2018-09-01,3014,2816.0297385968092,3047.839068787419
2018-09-02,3014,2815.922970900126,3048.0774867013342
2018-09-03,3024,2815.8164976227745,3048.3160047233373
2018-09-04,3025,2815.7103179528735,3048.5545250800196
2018-09-05,3034,2815.60443108078,3048.792991566862
2018-09-06,3066,2815.4988361990836,3049.03144977671
2018-09-07,3042,2815.3935325026005,3049.27006067178
2018-09-08,3051,2815.2885191883674,3049.508602494521
2018-09-09,3051,2815.183795455635,3049.7472151815073
2018-09-10,3066,2815.0793605058625,3049.9857904329874
2018-09-11,3072,2814.97521354271,3050.2243236247405
2018-09-12,3047,2814.871353772036,3050.462976050884
2018-09-13,3050,2814.767780401886,3050.701635367738
2018-09-14,3061,2814.6644926424906,3050.940259838507
2018-09-15,3043,2814.561489706259,3051.178937734615
2018-09-16,3043,2814.4587708077715,3051.417631294128
2018-09-17,3076,2814.356335163774,3051.656325652616
2018-09-18,3086,2814.2541819931726,3051.8950733939646
2018-09-19,3092,2814.1523105170277,3052.1338171652205
2018-09-20,3060,2814.050719958547,3052.3725579971997
2018-09-21,3058,2813.94940954308,3052.611332311838
2018-09-22,3057,2813.848378498114,3052.850074432852
2018-09-23,3057,2813.747626053265,3053.0889200511174
2018-09-24,3084,2813.6471514402733,3053.327726232746
2018-09-25,3083,2813.5469538929988,3053.5666435186677
2018-09-26,3060,2813.447032647414,3053.805522965098
2018-09-27,3033,2813.347386941597,3054.044390037948
2018-09-28,3050,2813.248016015728,3054.283280312553
2018-09-29,3051,2813.1489191120822,3054.5222180667843
2018-09-30,3051,2813.050095475025,3054.761130892364
2018-10-01,3057,2812.9515443510036,3055.0000824721656
2018-10-02,3059,2812.8532649885456,3055.239063529164
2018-10-03,3100,2812.7552566382487,3055.4781154037964
2018-10-04,3100,2812.6575185527786,3055.717175533533
2018-10-05,3105,2812.560049986861,3055.9562079548637
2018-10-06,3165,2812.4628501972775,3056.1952418421797
2018-10-07,3165,2812.365918442858,3056.4343801921996
2018-10-08,3122,2812.269253984477,3056.673481107662
2018-10-09,3127,2812.172856085048,3056.9126341314395
2018-10-10,3138,2812.0767240095156,3057.1517699654264
2018-10-11,3200,2811.9808570248515,3057.3908856512144
2018-10-12,3182,2811.88525440005,3057.6300843978993
2018-10-13,3184,2811.78991540612,3057.8692943197543
2018-10-14,3184,2811.6948393160815,3058.108488710849
2018-10-15,3207,2811.6000254049586,3058.347724054661
2018-10-16,3187,2811.5054729497742,3058.586976188686
2018-10-17,3187,2811.4111812295464,3058.826235602031
2018-10-18,3209,2811.3171495252795,3059.0655359424995
2018-10-19,3191,2811.223377119962,3059.3048405117256
2018-10-20,3191,2811.129863298559,3059.5441499698345
2018-10-21,3191,2811.0366073480072,3059.7834876229535
2018-10-22,3189,2810.94360855721,3060.0228114468005
2018-10-23,3207,2810.8508662170316,3060.262208267518
2018-10-24,3191,2810.758379620291,3060.501586625377
2018-10-25,3185,2810.6661480617595,3060.7410428487456
2018-10-26,3195,2810.5741708381497,3060.980481632294
2018-10-27,3193,2810.4824472481164,3061.219919271629
2018-10-28,3193,2810.390976592247,3061.459378531158
2018-10-29,3189,2810.2997581730588,3061.6988749462876
2018-10-30,3183,2810.2087912949905,3061.9383621850793
2018-10-31,3174,2810.118075264401,3062.177880997337
2018-11-01,3187,2810.02760938956,3062.4174254474256
2018-11-02,3175,2809.9373929806466,3062.6570219887135
2018-11-03,3176,2809.8474253497407,3062.896630589341
2018-11-04,3176,2809.7577058108195,3063.1362282375776
2018-11-05,3173,2809.6682336797526,3063.375833602006
2018-11-06,3165,2809.5790082742956,3063.615512588497
2018-11-07,3158,2809.4900289140855,3063.8551744006363
2018-11-08,3139,2809.401294920635,3064.0948763354736
2018-11-09,3101,2809.3128056173286,3064.3345740512027
2018-11-10,3102,2809.224560329417,3064.574265655333
2018-11-11,3102,2809.1365583840093,3064.8140171896307
2018-11-12,3101,2809.048799110072,3065.053782656527
2018-11-13,3078,2808.961281838423,3065.2935449680135
2018-11-14,3073,2808.874005901723,3065.533340267159
2018-11-15,3079,2808.7869706344745,3065.773153093438
2018-11-16,3099,2808.7001753730146,3066.012977361569
